AnimalID,LitterRef,Colony,Deathdate,DateOfBirth,Sex,Treatment,Outcome,Cause,Time,Mnths,LitterSize,Mat.Birthdate,Mat.Age,Mat.Litter,Mother,Sur30,GroupSize,Density,DateWeighed,Weight,Wt_Diff
MBM017,849,Marabou,28/12/2022,28/12/2022,M,Outbred,Death,Natural,1,0,3,28/06/2016,2374,8,10,0,14,1.8,30/12/2022,6,2
PIF015,748,Pigeon,27/12/2021,26/12/2021,F,Inbred,Death,Natural,1,0,1,26/03/2016,2101,6,11,0,10,1.3,27/12/2021,10,1
BIM024,962,Bishop,23/01/2024,22/01/2024,M,Inbred,Death,Natural,1,0,3,13/02/2018,2169,9,2,0,15,1.9,23/01/2024,7,1
HCM016,914,Hammercobb,20/08/2023,16/08/2023,M,Outbred,Death,Natural,4,0.1,4,09/01/2018,2045,5,5,0,13,1.6,16/08/2023,6,0
TLF027,897,Tarentaal,15/06/2023,11/06/2023,F,Inbred,Death,Natural,4,0.1,4,27/01/2016,2692,7,13,0,13,1.6,12/06/2023,8,1
TLM025,897,Tarentaal,15/06/2023,11/06/2023,M,Inbred,Death,Natural,4,0.1,4,27/01/2016,2692,7,13,0,13,1.6,12/06/2023,6,1
TLM026,897,Tarentaal,15/06/2023,11/06/2023,M,Inbred,Death,Natural,4,0.1,4,27/01/2016,2692,7,13,0,13,1.6,12/06/2023,8,1
BIM015,845,Bishop,31/12/2022,28/12/2022,M,Inbred,Death,Natural,3,0.1,3,13/02/2018,1779,6,2,0,13,1.6,28/12/2022,9,0
TEM006,618,Tit-Babbler,07/10/2020,04/10/2020,M,Inbred,Death,Natural,3,0.1,3,15/11/2015,1785,2,15,0,4,1,05/10/2020,10,1
MBF002,586,Marabou,13/06/2020,09/06/2020,F,Outbred,Death,Natural,4,0.1,3,28/06/2016,1442,1,10,0,2,0.5,11/06/2020,11,2
BIM019,931,Bishop,11/10/2023,04/10/2023,M,Inbred,Death,Natural,7,0.2,3,13/02/2018,2059,8,2,0,15,1.9,04/10/2023,8,0
BIM020,931,Bishop,11/10/2023,04/10/2023,M,Inbred,Death,Natural,7,0.2,3,13/02/2018,2059,8,2,0,15,1.9,04/10/2023,8,0
VLF030,918,Vulture,29/08/2023,23/08/2023,F,Outbred,Death,Natural,6,0.2,3,16/09/2016,2532,10,16,0,24,1.5,24/08/2023,9,1
VLM029,918,Vulture,29/08/2023,23/08/2023,M,Outbred,Death,Natural,6,0.2,3,16/09/2016,2532,10,16,0,24,1.5,24/08/2023,9,1
KSM032,907,Kapantsi,06/08/2023,01/08/2023,M,Outbred,Death,Natural,6,0.2,3,11/08/2016,2546,9,8,0,21,1.3,02/08/2023,8,1
KSF030,907,Kapantsi,06/08/2023,01/08/2023,F,Outbred,Death,Natural,5,0.2,3,11/08/2016,2546,9,8,0,21,1.3,02/08/2023,9,1
BIF014,845,Bishop,02/01/2023,28/12/2022,F,Inbred,Death,Natural,5,0.2,3,13/02/2018,1779,6,2,0,13,1.6,28/12/2022,9,0
BIM010,809,Bishop,14/09/2022,07/09/2022,M,Inbred,Death,Natural,7,0.2,3,13/02/2018,1667,5,2,0,13,1.6,08/09/2022,8,1
BIM012,809,Bishop,12/09/2022,07/09/2022,M,Inbred,Death,Natural,5,0.2,3,13/02/2018,1667,5,2,0,13,1.6,12/09/2022,7,5
GEF004,782,Geelvink,28/05/2022,21/05/2022,F,Outbred,Death,Natural,7,0.2,3,14/06/2014,2898,2,4,0,4,1,21/05/2022,11,0
TLF006,574,Tarentaal,04/04/2020,30/03/2020,F,Inbred,Death,Natural,5,0.2,5,27/01/2016,1524,2,13,0,2,0.5,31/03/2020,8,1
GEM011,854,Geelvink,NA,09/01/2023,M,Outbred,Death,Natural,9,0.3,5,14/06/2014,3131,3,4,0,6,0.75,10/01/2023,8,1
BIF011,809,Bishop,15/09/2022,07/09/2022,F,Inbred,Death,Natural,8,0.3,3,13/02/2018,1667,5,2,0,13,1.6,08/09/2022,10,1
KBM012,741,Kori,NA,12/12/2021,M,Outbred,StatusChange,Removal,10,0.3,3,03/03/2017,1745,4,9,1,9,1.1,15/12/2021,14,3
KBM013,741,Kori,NA,12/12/2021,M,Outbred,StatusChange,Removal,10,0.3,3,03/03/2017,1745,4,9,1,9,1.1,15/12/2021,13,3
KBM014,741,Kori,NA,12/12/2021,M,Outbred,StatusChange,Removal,10,0.3,3,03/03/2017,1745,4,9,1,9,1.1,15/12/2021,14,3
TEF011,718,Tit-Babbler,11/09/2021,01/09/2021,F,Inbred,Death,Natural,10,0.3,3,15/11/2015,2086,5,15,0,7,0.9,03/09/2021,9,2
TEF012,718,Tit-Babbler,11/09/2021,01/09/2021,F,Inbred,Death,Natural,10,0.3,3,15/11/2015,2086,5,15,0,7,0.9,03/09/2021,7,2
TEM010,718,Tit-Babbler,11/09/2021,01/09/2021,M,Inbred,Death,Natural,10,0.3,3,15/11/2015,2086,5,15,0,7,0.9,03/09/2021,6,2
PIM007,663,Pigeon,06/02/2021,27/01/2021,M,Inbred,Death,Natural,10,0.3,4,26/03/2016,1768,3,11,0,5,1.3,28/01/2021,11,1
TLM004,574,Tarentaal,09/04/2020,30/03/2020,M,Inbred,Death,Natural,10,0.3,5,27/01/2016,1524,2,13,0,2,0.5,31/03/2020,10,1
TNF006,560,Tinktinkie,27/02/2020,17/02/2020,F,Inbred,Death,Natural,10,0.3,6,05/10/2017,865,1,14,0,2,0.5,22/02/2020,10,5
TNM002,560,Tinktinkie,27/02/2020,17/02/2020,M,Inbred,Death,Natural,10,0.3,6,05/10/2017,865,1,14,0,2,0.5,22/02/2020,7,5
TNM004,560,Tinktinkie,27/02/2020,17/02/2020,M,Inbred,Death,Natural,10,0.3,6,05/10/2017,865,1,14,0,2,0.5,22/02/2020,6,5
TNM005,560,Tinktinkie,27/02/2020,17/02/2020,M,Inbred,Death,Natural,10,0.3,6,05/10/2017,865,1,14,0,2,0.5,22/02/2020,6,5
VLF021,851,Vulture,14/01/2023,01/01/2023,F,Outbred,Death,Natural,13,0.4,4,16/09/2016,2298,8,16,0,19,1.2,02/01/2023,10,1
MBF018,849,Marabou,24/10/2023,28/12/2022,F,Outbred,StatusChange,Removal,13,0.4,3,28/06/2016,2374,8,10,1,14,1.8,30/12/2022,10,2
MBF019,849,Marabou,18/05/2023,28/12/2022,F,Outbred,StatusChange,Removal,13,0.4,3,28/06/2016,2374,8,10,1,14,1.8,30/12/2022,11,2
TEM015,820,Tit-Babbler,08/10/2022,26/09/2022,M,Inbred,Death,Natural,12,0.4,1,15/11/2015,2507,7,15,0,9,1.1,26/09/2022,11,0
KSM018,789,Kapantsi,11/06/2022,30/05/2022,M,Outbred,Death,Natural,12,0.4,4,11/08/2016,2118,6,8,0,12,1.5,30/05/2022,7,0
PIM016,772,Pigeon,19/04/2022,08/04/2022,M,Inbred,Death,Natural,11,0.4,5,26/03/2016,2204,7,11,0,10,1.3,09/04/2022,7,1
TLF020,740,Tarentaal,24/12/2021,12/12/2021,F,Inbred,Death,Natural,12,0.4,5,27/01/2016,2146,5,13,0,10,1.3,15/12/2021,6,3
PIF018,772,Pigeon,23/04/2022,08/04/2022,F,Inbred,Death,Natural,15,0.5,5,26/03/2016,2204,7,11,0,10,1.3,09/04/2022,6,1
PIF020,772,Pigeon,23/04/2022,08/04/2022,F,Inbred,Death,Natural,15,0.5,5,26/03/2016,2204,7,11,0,10,1.3,09/04/2022,7,1
TLF014,691,Tarentaal,05/06/2021,20/05/2021,F,Inbred,Death,Natural,16,0.5,4,27/01/2016,1940,4,13,0,8,1,20/05/2021,7,0
KSM031,907,Kapantsi,06/08/2023,01/08/2023,M,Outbred,Death,Natural,17,0.6,3,11/08/2016,2546,9,8,0,21,1.3,02/08/2023,8,1
PIF011,689,Pigeon,04/06/2021,16/05/2021,F,Inbred,Death,Natural,19,0.6,3,26/03/2016,1877,4,11,0,7,0.9,17/05/2021,9,1
PIM008,663,Pigeon,13/02/2021,27/01/2021,M,Inbred,Death,Natural,17,0.6,4,26/03/2016,1768,3,11,0,5,1.3,28/01/2021,10,1
SNM005,660,Sneeubal,13/02/2021,25/01/2021,M,Inbred,Death,Natural,19,0.6,4,15/11/2015,1898,2,12,0,5,1.3,26/01/2021,7,1
BIF023,962,Bishop,10/02/2024,22/01/2024,F,Inbred,Death,Natural,19,0.6,3,13/02/2018,2169,9,2,0,15,1.9,23/01/2024,8,1
BIM022,962,Bishop,10/02/2024,22/01/2024,M,Inbred,Death,Natural,19,0.6,3,13/02/2018,2169,9,2,0,15,1.9,23/01/2024,7,1
SNM004,660,Sneeubal,15/02/2021,25/01/2021,M,Inbred,Death,Natural,21,0.7,4,15/11/2015,1898,2,12,0,5,1.3,26/01/2021,7,1
TEM005,618,Tit-Babbler,29/10/2020,04/10/2020,M,Inbred,Death,Artificial,25,0.8,3,15/11/2015,1785,2,15,NA,4,1,05/10/2020,10,1
TNM007,599,Tinktinkie,28/08/2020,04/08/2020,M,Inbred,Death,Natural,24,0.8,3,05/10/2017,1034,2,14,0,3,0.8,05/08/2020,10,1
PIM029,963,Pigeon,17/02/2024,22/01/2024,M,Inbred,Death,Natural,26,0.9,4,26/03/2016,2858,11,11,0,17,2.1,23/01/2024,9,1
VLM028,918,Vulture,20/09/2023,23/08/2023,M,Outbred,Death,Natural,28,0.9,3,16/09/2016,2532,10,16,0,24,1.5,24/08/2023,9,1
VLF012,723,Vulture,29/10/2021,02/10/2021,F,Outbred,Death,Natural,27,0.9,4,16/09/2016,1842,4,16,0,10,1.3,06/10/2021,10,4
TNF008,599,Tinktinkie,01/09/2020,04/08/2020,F,Inbred,Death,Natural,28,0.9,3,05/10/2017,1034,2,14,0,3,0.8,05/08/2020,6,1
SNM039,959,Sneeubal,10/02/2024,12/01/2024,M,Inbred,Death,Natural,29,1,4,15/11/2015,2980,12,12,0,26,1.6,12/01/2024,5,0
TLF030,942,Tarentaal,02/12/2023,01/11/2023,F,Inbred,Death,Natural,31,1,5,27/01/2016,2835,8,13,0,14,1.8,02/11/2023,6,1
TLF032,942,Tarentaal,02/12/2023,01/11/2023,F,Inbred,Death,Natural,31,1,5,27/01/2016,2835,8,13,0,14,1.8,02/11/2023,6,1
TLM021,740,Tarentaal,11/01/2022,12/12/2021,M,Inbred,Death,Natural,30,1,5,27/01/2016,2146,5,13,0,10,1.3,15/12/2021,12,3
SNF006,660,Sneeubal,25/02/2021,25/01/2021,F,Inbred,Death,Artificial,31,1,4,15/11/2015,1898,2,12,1,5,1.3,26/01/2021,8,1
TEF014,763,Tit-Babbler,24/03/2022,18/02/2022,F,Inbred,Death,Natural,34,1.1,2,15/11/2015,2287,6,15,1,7,0.9,22/02/2022,10,4
SNM037,959,Sneeubal,17/02/2024,12/01/2024,M,Inbred,Death,Natural,36,1.2,4,15/11/2015,2980,12,12,1,26,1.6,12/01/2024,9,0
VLM020,851,Vulture,06/02/2023,01/01/2023,M,Outbred,Death,Natural,36,1.2,4,16/09/2016,2298,8,16,1,19,1.2,02/01/2023,9,1
PIF028,963,Pigeon,NA,22/01/2024,F,Inbred,NA,NA,39,1.3,4,26/03/2016,2858,11,11,1,17,2.1,23/01/2024,9,1
PIM026,963,Pigeon,NA,22/01/2024,M,Inbred,NA,NA,39,1.3,4,26/03/2016,2858,11,11,1,17,2.1,23/01/2024,9,1
TLM031,942,Tarentaal,11/12/2023,01/11/2023,M,Inbred,Death,Natural,40,1.3,5,27/01/2016,2835,8,13,0,14,1.8,02/11/2023,10,1
GEF016,951,Geelvink,NA,11/12/2023,F,Outbred,Death,Natural,43,1.4,4,14/06/2014,3467,7,4,0,11,1.38,11/12/2023,8,0
TEM021,960,Tit-Babbler,NA,16/01/2024,M,Inbred,NA,NA,45,1.5,1,15/11/2015,2984,10,15,1,13,1.6,16/01/2024,10,0
KSM011,704,Kapantsi,24/08/2021,11/07/2021,M,Outbred,Death,Natural,44,1.5,3,11/08/2016,1795,4,8,1,5,0.6,12/07/2021,12,1
TLM017,691,Tarentaal,07/07/2021,20/05/2021,M,Inbred,Death,Natural,48,1.6,4,27/01/2016,1940,4,13,1,8,1,20/05/2021,8,0
SNF038,959,Sneeubal,NA,12/01/2024,F,Inbred,NA,NA,49,1.6,4,15/11/2015,2980,12,12,1,26,1.6,12/01/2024,8,0
SNM036,959,Sneeubal,NA,12/01/2024,M,Inbred,NA,NA,49,1.6,4,15/11/2015,2980,12,12,1,26,1.6,12/01/2024,8,0
KSM019,789,Kapantsi,20/07/2022,30/05/2022,M,Outbred,Death,Artificial,51,1.7,4,11/08/2016,2118,6,8,1,12,1.5,30/05/2022,8,0
MBM001,586,Marabou,31/07/2020,09/06/2020,M,Outbred,Death,Artificial,52,1.7,3,28/06/2016,1442,1,10,1,2,0.5,11/06/2020,10,2
TNF010,648,Tinktinkie,06/02/2021,13/12/2020,F,Inbred,Death,Natural,55,1.8,4,05/10/2017,1165,3,14,1,4,1,15/12/2020,7,2
TNM013,648,Tinktinkie,05/02/2021,13/12/2020,M,Inbred,Death,Natural,54,1.8,4,05/10/2017,1165,3,14,1,4,1,15/12/2020,9,2
SNM027,834,Sneeubal,NA,17/11/2022,M,Inbred,Death,Artificial,58,1.9,4,15/11/2015,2559,8,12,1,17,1.1,18/11/2022,7,1
KSF007,673,Kapantsi,05/05/2021,02/03/2021,F,Outbred,Death,Natural,64,2.1,3,11/08/2016,1664,3,8,1,5,1.3,02/03/2021,10,0
BAF003,573,Bateleur,02/06/2020,30/03/2020,F,Inbred,Death,Natural,64,2.1,3,28/04/2017,1067,1,1,1,2,0.5,31/03/2020,9,1
BAM002,573,Bateleur,02/06/2020,30/03/2020,M,Inbred,Death,Artificial,64,2.1,3,28/04/2017,1067,1,1,1,2,0.5,31/03/2020,10,1
TLM011,654,Tarentaal,19/03/2021,06/01/2021,M,Inbred,Death,Natural,72,2.4,5,27/01/2016,1806,3,13,1,4,1,07/01/2021,9,1
TEM020,911,Tit-Babbler,24/10/2023,08/08/2023,M,Inbred,Death,Natural,77,2.5,3,15/11/2015,2823,9,15,1,11,1.4,09/08/2023,9,1
GEF014,951,Geelvink,NA,11/12/2023,F,Outbred,NA,NA,81,2.7,4,14/06/2014,3467,7,4,1,11,1.38,11/12/2023,10,0
GEF015,951,Geelvink,NA,11/12/2023,F,Outbred,NA,NA,81,2.7,4,14/06/2014,3467,7,4,1,11,1.38,11/12/2023,10,0
GEM013,951,Geelvink,NA,11/12/2023,M,Outbred,NA,NA,81,2.7,4,14/06/2014,3467,7,4,1,11,1.38,11/12/2023,9,0
BIF013,845,Bishop,21/03/2023,28/12/2022,F,Inbred,Death,Natural,83,2.7,3,13/02/2018,1779,6,2,1,13,1.6,28/12/2022,10,0
VLF031,949,Vulture,NA,05/12/2023,F,Outbred,NA,NA,87,2.9,3,16/09/2016,2636,11,16,1,23,1.4,05/12/2023,11,0
VLF032,949,Vulture,NA,05/12/2023,F,Outbred,NA,NA,87,2.9,3,16/09/2016,2636,11,16,1,23,1.4,05/12/2023,10,0
VLF033,949,Vulture,NA,05/12/2023,F,Outbred,NA,NA,87,2.9,3,16/09/2016,2636,11,16,1,23,1.4,05/12/2023,10,0
BIM003,665,Bishop,10/05/2021,11/02/2021,M,Inbred,Death,Artificial,88,2.9,3,13/02/2018,1094,2,2,1,3,0.8,12/02/2021,9,1
TLM008,574,Tarentaal,28/06/2020,30/03/2020,M,Inbred,Death,Natural,90,3,5,27/01/2016,1524,2,13,1,2,0.5,31/03/2020,9,1
PIF009,689,Pigeon,17/08/2021,16/05/2021,F,Inbred,Death,Artificial,93,3.1,3,26/03/2016,1877,4,11,1,7,0.9,17/05/2021,9,1
GEF002,563,Geelvink,02/06/2020,23/02/2020,F,Outbred,Death,Natural,100,3.3,3,14/06/2014,2080,1,4,1,2,0.5,25/02/2020,8,2
TNF001,560,Tinktinkie,27/05/2020,17/02/2020,F,Inbred,Death,Natural,100,3.3,6,05/10/2017,865,1,14,1,2,0.5,22/02/2020,11,5
KBM001,557,Kori,03/06/2020,14/02/2020,M,Outbred,Death,Natural,110,3.6,4,03/03/2017,1078,1,9,1,2,0.5,16/02/2020,11,2
KSF033,944,Kapantsi,NA,12/11/2023,F,Outbred,NA,NA,110,3.6,6,11/08/2016,2649,10,8,1,20,1.3,12/11/2023,8,0
KSF034,944,Kapantsi,NA,12/11/2023,F,Outbred,NA,NA,110,3.6,6,11/08/2016,2649,10,8,1,20,1.3,12/11/2023,7,0
KSF037,944,Kapantsi,NA,12/11/2023,F,Outbred,NA,NA,110,3.6,6,11/08/2016,2649,10,8,1,20,1.3,12/11/2023,8,0
KSF038,944,Kapantsi,NA,12/11/2023,F,Outbred,NA,NA,110,3.6,6,11/08/2016,2649,10,8,1,20,1.3,12/11/2023,7,0
KSM035,944,Kapantsi,NA,12/11/2023,M,Outbred,NA,NA,110,3.6,6,11/08/2016,2649,10,8,1,20,1.3,12/11/2023,8,0
KSM036,944,Kapantsi,NA,12/11/2023,M,Outbred,NA,NA,110,3.6,6,11/08/2016,2649,10,8,1,20,1.3,12/11/2023,8,0
TLM028,942,Tarentaal,21/02/2024,01/11/2023,M,Inbred,Death,Natural,112,3.7,5,27/01/2016,2835,8,13,1,14,1.8,02/11/2023,7,1
SNM031,901,Sneeubal,14/10/2023,20/06/2023,M,Inbred,Death,Natural,116,3.8,1,15/11/2015,2774,10,12,1,22,1.4,21/06/2023,8,1
SNF034,930,Sneeubal,23/01/2024,29/09/2023,F,Inbred,Death,Natural,116,3.8,4,15/11/2015,2875,11,12,1,23,1.4,29/09/2023,6,0
HOM005,902,Hoopoe,19/10/2023,23/06/2023,M,Inbred,Death,Artificial,118,3.9,2,24/02/2017,2310,4,6,1,2,0.5,23/06/2023,8,0
HOM006,902,Hoopoe,19/10/2023,23/06/2023,M,Inbred,Death,Artificial,118,3.9,2,24/02/2017,2310,4,6,1,2,0.5,23/06/2023,7,0
TLF029,942,Tarentaal,NA,01/11/2023,F,Inbred,NA,NA,121,4,5,27/01/2016,2835,8,13,1,14,1.8,02/11/2023,9,1
KSF013,752,Kapantsi,02/06/2022,28/01/2022,F,Outbred,Death,Natural,125,4.1,5,11/08/2016,1996,5,8,1,7,0.9,28/01/2022,10,0
JSF006,697,Jackass,NA,01/06/2021,F,Outbred,StatusChange,Export,125,4.1,2,20/02/2018,1197,3,7,1,7,0.9,02/06/2021,13,1
JSM007,697,Jackass,NA,01/06/2021,M,Outbred,StatusChange,Export,125,4.1,2,20/02/2018,1197,3,7,1,7,0.9,02/06/2021,12,1
SNM022,799,Sneeubal,30/11/2022,13/07/2022,M,Inbred,Death,Artificial,140,4.6,4,15/11/2015,2432,7,12,1,13,1.6,14/07/2022,8,1
KBM007,609,Kori,26/01/2021,28/08/2020,M,Outbred,Death,Natural,151,5,3,03/03/2017,1274,2,9,1,3,0.8,31/08/2020,10,3
SNF032,930,Sneeubal,NA,29/09/2023,F,Inbred,NA,NA,154,5.1,4,15/11/2015,2875,11,12,1,23,1.4,29/09/2023,7,0
SNF033,930,Sneeubal,NA,29/09/2023,F,Inbred,NA,NA,154,5.1,4,15/11/2015,2875,11,12,1,23,1.4,29/09/2023,7,0
SNM035,930,Sneeubal,NA,29/09/2023,M,Inbred,NA,NA,154,5.1,4,15/11/2015,2875,11,12,1,23,1.4,29/09/2023,6,0
BKF007,685,Bokmakerie,NA,27/04/2021,F,Outbred,StatusChange,Export,160,5.3,2,09/06/2015,2149,3,3,1,8,1,28/04/2021,9,1
BKM008,685,Bokmakerie,NA,27/04/2021,M,Outbred,StatusChange,Export,160,5.3,2,09/06/2015,2149,3,3,1,8,1,28/04/2021,9,1
HCF014,914,Hammercobb,NA,16/08/2023,F,Outbred,Death,Natural,163,5.4,4,09/01/2018,2045,5,5,1,13,1.6,16/08/2023,9,0
VLM010,723,Vulture,14/03/2022,02/10/2021,M,Outbred,Death,Natural,163,5.4,4,16/09/2016,1842,4,16,1,10,1.3,06/10/2021,12,4
KBF003,557,Kori,28/07/2020,14/02/2020,F,Outbred,Death,Immigration,165,5.5,4,03/03/2017,1078,1,9,1,2,0.5,16/02/2020,9,2
HCM007,756,Hammercobb,27/07/2022,01/02/2022,M,Outbred,Death,Artificial,176,5.8,4,09/01/2018,1484,2,5,1,5,0.6,03/02/2022,9,2
PIF002,593,Pigeon,27/12/2020,28/06/2020,F,Inbred,Death,Natural,182,6,2,26/03/2016,1555,1,11,1,2,0.5,29/06/2020,12,1
GEM012,919,Geelvink,NA,24/08/2023,M,Outbred,NA,NA,190,6.3,1,14/06/2014,3358,6,4,1,10,1.25,26/08/2023,11,2
HCF013,914,Hammercobb,NA,16/08/2023,F,Outbred,NA,NA,198,6.5,4,09/01/2018,2045,5,5,1,13,1.6,16/08/2023,8,0
HCF015,914,Hammercobb,NA,16/08/2023,F,Outbred,NA,NA,198,6.5,4,09/01/2018,2045,5,5,1,13,1.6,16/08/2023,7,0
VLF009,723,Vulture,21/04/2022,02/10/2021,F,Outbred,Death,Artificial,201,6.6,4,16/09/2016,1842,4,16,1,10,1.3,06/10/2021,10,4
TLM023,792,Tarentaal,04/01/2023,13/06/2022,M,Inbred,Death,Artificial,205,6.8,1,27/01/2016,2329,6,13,1,13,1.6,14/06/2022,13,1
TEF018,911,Tit-Babbler,NA,08/08/2023,F,Inbred,NA,NA,206,6.8,3,15/11/2015,2823,9,15,1,11,1.4,09/08/2023,8,1
TEF019,911,Tit-Babbler,NA,08/08/2023,F,Inbred,NA,NA,206,6.8,3,15/11/2015,2823,9,15,1,11,1.4,09/08/2023,8,1
PIM021,826,Pigeon,04/06/2023,06/10/2022,M,Inbred,Death,Artificial,241,8,1,26/03/2016,2385,8,11,1,14,1.8,06/10/2022,12,0
PIM022,857,Pigeon,NA,14/01/2023,M,Inbred,Death,Artificial,245,8.1,2,26/03/2016,2485,9,11,1,15,1.9,15/01/2023,10,1
SNM011,713,Sneeubal,04/05/2022,19/08/2021,M,Inbred,Death,Artificial,258,8.5,3,15/11/2015,2104,4,12,1,5,0.6,19/08/2021,9,0
PIM005,663,Pigeon,13/10/2021,27/01/2021,M,Inbred,Death,Artificial,259,8.6,4,26/03/2016,1768,3,11,1,5,1.3,28/01/2021,8,1
TLF024,897,Tarentaal,NA,11/06/2023,F,Inbred,NA,NA,264,8.7,4,27/01/2016,2692,7,13,1,13,1.6,12/06/2023,8,1
BKF004,653,Bokmakerie,NA,04/01/2021,F,Outbred,StatusChange,Export,273,9,4,09/06/2015,2036,2,3,1,4,1,04/01/2021,7,0
BKM003,653,Bokmakerie,NA,04/01/2021,M,Outbred,StatusChange,Export,273,9,4,09/06/2015,2036,2,3,1,4,1,04/01/2021,8,0
BKM005,653,Bokmakerie,NA,04/01/2021,M,Outbred,StatusChange,Export,273,9,4,09/06/2015,2036,2,3,1,4,1,04/01/2021,8,0
BKM006,653,Bokmakerie,NA,04/01/2021,M,Outbred,StatusChange,Export,273,9,4,09/06/2015,2036,2,3,1,4,1,04/01/2021,9,0
PIF024,887,Pigeon,NA,03/05/2023,F,Inbred,NA,NA,303,10,2,26/03/2016,2594,10,11,1,17,2.1,04/05/2023,8,1
PIM025,887,Pigeon,NA,03/05/2023,M,Inbred,NA,NA,303,10,2,26/03/2016,2594,10,11,1,17,2.1,04/05/2023,12,1
VLF027,882,Vulture,NA,18/04/2023,F,Outbred,NA,NA,318,10.5,4,16/09/2016,2405,9,16,1,21,1.3,19/04/2023,8,1
VLM024,882,Vulture,NA,18/04/2023,M,Outbred,NA,NA,318,10.5,4,16/09/2016,2405,9,16,1,21,1.3,19/04/2023,10,1
VLM025,882,Vulture,NA,18/04/2023,M,Outbred,NA,NA,318,10.5,4,16/09/2016,2405,9,16,1,21,1.3,19/04/2023,10,1
VLM026,882,Vulture,NA,18/04/2023,M,Outbred,NA,NA,318,10.5,4,16/09/2016,2405,9,16,1,21,1.3,19/04/2023,8,1
BIF016,880,Bishop,NA,17/04/2023,F,Inbred,NA,NA,319,10.5,3,13/02/2018,1889,7,2,1,12,1.5,19/04/2023,8,2
BIF017,880,Bishop,NA,17/04/2023,F,Inbred,NA,NA,319,10.5,3,13/02/2018,1889,7,2,1,12,1.5,19/04/2023,10,2
BIF018,880,Bishop,NA,17/04/2023,F,Inbred,NA,NA,319,10.5,3,13/02/2018,1889,7,2,1,12,1.5,19/04/2023,8,2
JSF005,633,Jackass,NA,11/11/2020,F,Outbred,StatusChange,Export,327,10.8,1,20/02/2018,995,2,7,1,6,1.5,12/11/2020,11,1
KSF029,876,Kapantsi,NA,17/03/2023,F,Outbred,NA,NA,350,11.6,4,11/08/2016,2409,8,8,1,18,1.1,18/03/2023,11,1
KSM026,876,Kapantsi,NA,17/03/2023,M,Outbred,NA,NA,350,11.6,4,11/08/2016,2409,8,8,1,18,1.1,18/03/2023,9,1
KSM027,876,Kapantsi,NA,17/03/2023,M,Outbred,NA,NA,350,11.6,4,11/08/2016,2409,8,8,1,18,1.1,18/03/2023,8,1
KSM028,876,Kapantsi,NA,17/03/2023,M,Outbred,NA,NA,350,11.6,4,11/08/2016,2409,8,8,1,18,1.1,18/03/2023,10,1
KSF023,831,Kapantsi,15/10/2023,25/10/2022,F,Outbred,Death,Natural,355,11.7,5,11/08/2016,2266,7,8,1,13,1.6,26/10/2022,8,1
PIM023,857,Pigeon,NA,14/01/2023,M,Inbred,NA,NA,412,13.6,2,26/03/2016,2485,9,11,1,15,1.9,15/01/2023,11,1
GEF008,854,Geelvink,NA,09/01/2023,F,Outbred,NA,NA,417,13.8,5,14/06/2014,3131,3,4,1,6,0.8,10/01/2023,8,1
GEF009,854,Geelvink,NA,09/01/2023,F,Outbred,NA,NA,417,13.8,5,14/06/2014,3131,3,4,1,6,0.8,10/01/2023,8,1
GEM007,854,Geelvink,NA,09/01/2023,M,Outbred,NA,NA,417,13.8,5,14/06/2014,3131,3,4,1,6,0.75,10/01/2023,9,1
GEM010,854,Geelvink,NA,09/01/2023,M,Outbred,NA,NA,417,13.8,5,14/06/2014,3131,3,4,1,6,0.75,10/01/2023,8,1
TEM016,853,Tit-Babbler,NA,08/01/2023,M,Inbred,NA,NA,418,13.8,2,15/11/2015,2611,8,15,1,8,1,09/01/2023,10,1
TEM017,853,Tit-Babbler,NA,08/01/2023,M,Inbred,NA,NA,418,13.8,2,15/11/2015,2611,8,15,1,8,1,09/01/2023,11,1
VLF022,851,Vulture,NA,01/01/2023,F,Outbred,NA,NA,425,14,4,16/09/2016,2298,8,16,1,19,1.2,02/01/2023,9,1
VLF023,851,Vulture,NA,01/01/2023,F,Outbred,NA,NA,425,14,4,16/09/2016,2298,8,16,1,19,1.2,02/01/2023,8,1
MBM014,806,Marabou,NA,15/08/2022,M,Outbred,Death,Artificial,430,14.2,3,28/06/2016,2239,7,10,1,12,1.5,16/08/2022,8,1
MBM015,806,Marabou,NA,15/08/2022,M,Outbred,Death,Artificial,430,14.2,3,28/06/2016,2239,7,10,1,12,1.5,16/08/2022,10,1
MBM016,806,Marabou,NA,15/08/2022,M,Outbred,Death,Artificial,430,14.2,3,28/06/2016,2239,7,10,1,12,1.5,16/08/2022,11,1
SNF024,834,Sneeubal,NA,17/11/2022,F,Inbred,NA,NA,470,15.5,4,15/11/2015,2559,8,12,1,17,1.1,18/11/2022,8,1
SNM025,834,Sneeubal,NA,17/11/2022,M,Inbred,NA,NA,470,15.5,4,15/11/2015,2559,8,12,1,17,1.1,18/11/2022,7,1
SNM026,834,Sneeubal,NA,17/11/2022,M,Inbred,NA,NA,470,15.5,4,15/11/2015,2559,8,12,1,17,1.1,18/11/2022,9,1
HCF011,827,Hammercobb,31/01/2024,08/10/2022,F,Outbred,Death,Artificial,480,15.9,4,09/01/2018,1733,4,5,1,9,1.1,09/10/2022,8,1
KSF022,831,Kapantsi,NA,25/10/2022,F,Outbred,NA,NA,493,16.3,5,11/08/2016,2266,7,8,1,13,1.6,26/10/2022,9,1
KSF024,831,Kapantsi,NA,25/10/2022,F,Outbred,NA,NA,493,16.3,5,11/08/2016,2266,7,8,1,13,1.6,26/10/2022,9,1
KSM021,831,Kapantsi,NA,25/10/2022,M,Outbred,NA,NA,493,16.3,5,11/08/2016,2266,7,8,1,13,1.6,26/10/2022,9,1
KSM025,831,Kapantsi,NA,25/10/2022,M,Outbred,NA,NA,493,16.3,5,11/08/2016,2266,7,8,1,13,1.6,26/10/2022,9,1
KBF006,609,Kori,NA,28/08/2020,F,Outbred,StatusChange,Removal,508,16.8,3,03/03/2017,1274,2,9,1,3,0.8,31/08/2020,12,3
JSF002,582,Jackass,NA,13/05/2020,F,Outbred,StatusChange,Export,509,16.8,4,20/02/2018,813,1,7,1,2,0.5,14/05/2020,10,1
JSF003,582,Jackass,NA,13/05/2020,F,Outbred,StatusChange,Export,509,16.8,4,20/02/2018,813,1,7,1,2,0.5,14/05/2020,11,1
JSM001,582,Jackass,NA,13/05/2020,M,Outbred,StatusChange,Export,509,16.8,4,20/02/2018,813,1,7,1,2,0.5,14/05/2020,9,1
JSM004,582,Jackass,NA,13/05/2020,M,Outbred,StatusChange,Export,509,16.8,4,20/02/2018,813,1,7,1,2,0.5,14/05/2020,8,1
HCF010,827,Hammercobb,NA,08/10/2022,F,Outbred,NA,NA,510,16.9,4,09/01/2018,1733,4,5,1,9,1.1,09/10/2022,9,1
HCM009,827,Hammercobb,NA,08/10/2022,M,Outbred,NA,NA,510,16.9,4,09/01/2018,1733,4,5,1,9,1.1,09/10/2022,8,1
HCM012,827,Hammercobb,NA,08/10/2022,M,Outbred,NA,NA,510,16.9,4,09/01/2018,1733,4,5,1,9,1.1,09/10/2022,8,1
VLF018,819,Vulture,NA,23/09/2022,F,Outbred,NA,NA,525,17.4,3,16/09/2016,2198,7,16,1,16,1,24/09/2022,9,1
VLF019,819,Vulture,NA,23/09/2022,F,Outbred,NA,NA,525,17.4,3,16/09/2016,2198,7,16,1,16,1,24/09/2022,10,1
VLM017,819,Vulture,NA,23/09/2022,M,Outbred,NA,NA,525,17.4,3,16/09/2016,2198,7,16,1,16,1,24/09/2022,8,1
KSF015,752,Kapantsi,21/07/2023,28/01/2022,F,Outbred,Death,Natural,539,17.8,5,11/08/2016,1996,5,8,1,7,0.9,28/01/2022,9,0
BKF002,575,Bokmakerie,NA,30/03/2020,F,Outbred,StatusChange,Export,553,18.3,2,09/06/2015,1756,1,3,1,2,0.5,31/03/2020,11,1
BKM001,575,Bokmakerie,NA,30/03/2020,M,Outbred,StatusChange,Export,553,18.3,2,09/06/2015,1756,1,3,1,2,0.5,31/03/2020,10,1
SNF020,799,Sneeubal,NA,13/07/2022,F,Inbred,NA,NA,597,19.7,4,15/11/2015,2432,7,12,1,13,1.6,14/07/2022,8,1
SNF023,799,Sneeubal,NA,13/07/2022,F,Inbred,NA,NA,597,19.7,4,15/11/2015,2432,7,12,1,13,1.6,14/07/2022,7,1
SNM021,799,Sneeubal,NA,13/07/2022,M,Inbred,NA,NA,597,19.7,4,15/11/2015,2432,7,12,1,13,1.6,14/07/2022,7,1
HCM008,794,Hammercobb,NA,23/06/2022,M,Outbred,NA,NA,617,20.4,1,09/01/2018,1626,3,5,1,9,1.1,24/06/2022,9,1
KSF020,789,Kapantsi,NA,30/05/2022,F,Outbred,NA,NA,641,21.2,4,11/08/2016,2118,6,8,1,12,1.5,30/05/2022,9,0
KSM017,789,Kapantsi,NA,30/05/2022,M,Outbred,NA,NA,641,21.2,4,11/08/2016,2118,6,8,1,12,1.5,30/05/2022,10,0
GEF005,782,Geelvink,NA,21/05/2022,F,Outbred,NA,NA,650,21.5,3,14/06/2014,2898,2,4,1,4,1,21/05/2022,9,0
GEF006,782,Geelvink,NA,21/05/2022,F,Outbred,NA,NA,650,21.5,3,14/06/2014,2898,2,4,1,4,1,21/05/2022,11,0
VLF015,779,Vulture,NA,14/05/2022,F,Outbred,NA,NA,657,21.7,3,16/09/2016,2066,6,16,1,13,1.6,14/05/2022,9,0
VLM014,779,Vulture,NA,14/05/2022,M,Outbred,NA,NA,657,21.7,3,16/09/2016,2066,6,16,1,13,1.6,14/05/2022,11,0
VLM016,779,Vulture,NA,14/05/2022,M,Outbred,NA,NA,657,21.7,3,16/09/2016,2066,6,16,1,13,1.6,14/05/2022,11,0
MBF010,739,Marabou,NA,07/12/2021,F,Outbred,Death,Artificial,681,22.5,2,28/06/2016,1988,5,10,1,9,1.1,08/12/2021,13,1
MBM011,739,Marabou,NA,07/12/2021,M,Outbred,Death,Artificial,681,22.5,2,28/06/2016,1988,5,10,1,9,1.1,08/12/2021,12,1
MBF006,679,Marabou,NA,19/03/2021,F,Outbred,StatusChange,Removal,686,22.7,2,28/06/2016,1725,3,10,1,5,1.3,20/03/2021,12,1
PIM017,772,Pigeon,NA,08/04/2022,M,Inbred,NA,NA,693,22.9,5,26/03/2016,2204,7,11,1,10,1.3,09/04/2022,8,1
PIM019,772,Pigeon,NA,08/04/2022,M,Inbred,NA,NA,693,22.9,5,26/03/2016,2204,7,11,1,10,1.3,09/04/2022,7,1
BIF007,764,Bishop,NA,02/03/2022,F,Inbred,NA,NA,730,24.1,3,13/02/2018,1478,4,2,1,7,0.9,03/03/2022,10,1
BIM008,764,Bishop,NA,02/03/2022,M,Inbred,NA,NA,730,24.1,3,13/02/2018,1478,4,2,1,7,0.9,03/03/2022,11,1
BIM009,764,Bishop,NA,02/03/2022,M,Inbred,NA,NA,730,24.1,3,13/02/2018,1478,4,2,1,7,0.9,03/03/2022,10,1
BAF004,615,Bateleur,NA,09/09/2020,F,Inbred,StatusChange,Eviction,740,24.5,2,28/04/2017,1230,2,1,1,3,0.8,11/09/2020,9,2
TEM013,763,Tit-Babbler,NA,18/02/2022,M,Inbred,NA,NA,742,24.5,2,15/11/2015,2287,6,15,1,7,0.9,22/02/2022,9,4
KBF010,670,Kori,08/03/2023,21/02/2021,F,Outbred,Death,Artificial,745,24.6,4,03/03/2017,1451,3,9,1,5,1.3,22/02/2021,10,1
KBF011,670,Kori,08/03/2023,21/02/2021,F,Outbred,Death,Artificial,745,24.6,4,03/03/2017,1451,3,9,1,5,1.3,22/02/2021,10,1
KBM008,670,Kori,08/03/2023,21/02/2021,M,Outbred,Death,Artificial,745,24.6,4,03/03/2017,1451,3,9,1,5,1.3,22/02/2021,11,1
KBM009,670,Kori,08/03/2023,21/02/2021,M,Outbred,Death,Artificial,745,24.6,4,03/03/2017,1451,3,9,1,5,1.3,22/02/2021,11,1
HCF005,756,Hammercobb,NA,01/02/2022,F,Outbred,NA,NA,759,25.1,4,09/01/2018,1484,2,5,1,5,0.6,03/02/2022,8,2
HCM004,756,Hammercobb,NA,01/02/2022,M,Outbred,NA,NA,759,25.1,4,09/01/2018,1484,2,5,1,5,0.6,03/02/2022,8,2
HCM006,756,Hammercobb,NA,01/02/2022,M,Outbred,NA,NA,759,25.1,4,09/01/2018,1484,2,5,1,5,0.6,03/02/2022,8,2
VLM012,755,Vulture,NA,30/01/2022,M,Outbred,NA,NA,761,25.2,2,16/09/2016,1962,5,16,1,13,1.6,31/01/2022,11,1
VLM013,755,Vulture,NA,30/01/2022,M,Outbred,NA,NA,761,25.2,2,16/09/2016,1962,5,16,1,13,1.6,31/01/2022,12,1
KSM012,752,Kapantsi,NA,28/01/2022,M,Outbred,NA,NA,763,25.2,5,11/08/2016,1996,5,8,1,7,0.9,28/01/2022,10,0
KSM014,752,Kapantsi,NA,28/01/2022,M,Outbred,NA,NA,763,25.2,5,11/08/2016,1996,5,8,1,7,0.9,28/01/2022,9,0
KSM016,752,Kapantsi,NA,28/01/2022,M,Outbred,NA,NA,763,25.2,5,11/08/2016,1996,5,8,1,7,0.9,28/01/2022,9,0
BIM004,665,Bishop,23/03/2023,11/02/2021,M,Inbred,Death,Artificial,770,25.5,3,13/02/2018,1094,2,2,1,3,0.8,12/02/2021,9,1
MBM008,710,Marabou,NA,14/08/2021,M,Outbred,Death,Artificial,796,26.3,2,28/06/2016,1873,4,10,1,7,0.9,15/08/2021,12,1
MBM009,710,Marabou,NA,14/08/2021,M,Outbred,Death,Artificial,796,26.3,2,28/06/2016,1873,4,10,1,7,0.9,15/08/2021,10,1
TLF018,740,Tarentaal,NA,12/12/2021,F,Inbred,NA,NA,810,26.8,5,27/01/2016,2146,5,13,1,10,1.3,15/12/2021,10,3
TLF022,740,Tarentaal,NA,12/12/2021,F,Inbred,NA,NA,810,26.8,5,27/01/2016,2146,5,13,1,10,1.3,15/12/2021,9,3
TLM019,740,Tarentaal,NA,12/12/2021,M,Inbred,NA,NA,810,26.8,5,27/01/2016,2146,5,13,1,10,1.3,15/12/2021,9,3
MBF004,634,Marabou,NA,14/11/2020,F,Outbred,StatusChange,Removal,811,26.8,2,28/06/2016,1600,2,10,1,3,0.8,14/11/2020,11,0
SNF016,737,Sneeubal,NA,02/12/2021,F,Inbred,NA,NA,820,27.1,4,15/11/2015,2209,5,12,1,8,1,05/12/2021,8,3
SNF017,737,Sneeubal,NA,02/12/2021,F,Inbred,NA,NA,820,27.1,4,15/11/2015,2209,5,12,1,8,1,05/12/2021,8,3
SNM014,737,Sneeubal,NA,02/12/2021,M,Inbred,NA,NA,820,27.1,4,15/11/2015,2209,5,12,1,8,1,05/12/2021,8,3
SNM015,737,Sneeubal,NA,02/12/2021,M,Inbred,NA,NA,820,27.1,4,15/11/2015,2209,5,12,1,8,1,05/12/2021,9,3
VLF011,723,Vulture,15/01/2024,02/10/2021,F,Outbred,Death,Artificial,835,27.6,4,16/09/2016,1842,4,16,1,10,1.3,05/10/2021,10,3
BIF005,730,Bishop,NA,15/11/2021,F,Inbred,NA,NA,837,27.7,2,13/02/2018,1371,3,2,1,5,0.6,19/11/2021,11,4
BIF006,730,Bishop,NA,15/11/2021,F,Inbred,NA,NA,837,27.7,2,13/02/2018,1371,3,2,1,5,0.6,19/11/2021,10,4
VLF006,699,Vulture,NA,20/06/2021,F,Outbred,StatusChange,Removal,851,28.1,3,16/09/2016,1738,3,16,1,7,0.9,21/06/2021,11,1
KBF005,609,Kori,08/03/2023,28/08/2020,F,Outbred,Death,Artificial,922,30.5,3,03/03/2017,1274,2,9,1,3,0.8,31/08/2020,10,3
SNF012,713,Sneeubal,NA,19/08/2021,F,Inbred,NA,NA,925,30.6,3,15/11/2015,2104,4,12,1,5,0.6,19/08/2021,9,0
SNM013,713,Sneeubal,NA,19/08/2021,M,Inbred,NA,NA,925,30.6,3,15/11/2015,2104,4,12,1,5,0.6,19/08/2021,8,0
MBM007,679,Marabou,NA,19/03/2021,M,Outbred,Death,Artificial,944,31.2,2,28/06/2016,1725,3,10,1,5,1.3,20/03/2021,12,1
KSF010,704,Kapantsi,15/02/2024,11/07/2021,F,Outbred,Death,Immigration,949,31.4,3,11/08/2016,1795,4,8,1,5,0.6,12/07/2021,12,1
KSM009,704,Kapantsi,NA,11/07/2021,M,Outbred,NA,NA,964,31.9,3,11/08/2016,1795,4,8,1,5,0.6,12/07/2021,11,1
TNF018,696,Tinktinkie,22/01/2024,01/06/2021,F,Inbred,Death,Artificial,965,31.9,4,05/10/2017,1335,4,14,1,6,0.8,01/06/2021,7,0
TNM017,696,Tinktinkie,22/01/2024,01/06/2021,M,Inbred,Death,Artificial,965,31.9,4,05/10/2017,1335,4,14,1,6,0.8,01/06/2021,10,0
TNF015,696,Tinktinkie,22/01/2024,01/06/2021,F,Inbred,Death,Artificial,965,31.9,4,05/10/2017,1335,4,14,1,6,0.8,01/06/2021,7,0
TNF016,696,Tinktinkie,22/01/2024,01/06/2021,F,Inbred,Death,Artificial,965,31.9,4,05/10/2017,1335,4,14,1,6,0.8,01/06/2021,7,0
TLM015,691,Tarentaal,27/01/2024,20/05/2021,M,Inbred,Death,Natural,982,32.5,4,27/01/2016,1940,4,13,1,8,1,20/05/2021,9,0
VLM007,699,Vulture,NA,20/06/2021,M,Outbred,NA,NA,985,32.6,3,16/09/2016,1738,3,16,1,7,0.9,21/06/2021,12,1
VLM008,699,Vulture,NA,20/06/2021,M,Outbred,NA,NA,985,32.6,3,16/09/2016,1738,3,16,1,7,0.9,21/06/2021,9,1
TLM016,691,Tarentaal,NA,20/05/2021,M,Inbred,NA,NA,1016,33.6,4,27/01/2016,1940,4,13,1,8,1,20/05/2021,9,0
PIF010,689,Pigeon,NA,16/05/2021,F,Inbred,NA,NA,1020,33.7,3,26/03/2016,1877,4,11,1,7,0.9,17/05/2021,9,1
HOM001,632,Hoopoe,13/09/2023,10/11/2020,M,Inbred,Death,Artificial,1037,34.3,1,24/02/2017,1355,1,6,1,2,0.5,12/11/2020,11,2
MBM005,634,Marabou,NA,14/11/2020,M,Outbred,Death,Artificial,1069,35.3,2,28/06/2016,1600,2,10,1,3,0.8,14/11/2020,12,0
VLF004,630,Vulture,23/10/2023,08/11/2020,F,Outbred,Death,Artificial,1079,35.7,2,16/09/2016,1514,2,16,1,5,1.3,09/11/2020,11,1
KSM006,673,Kapantsi,NA,02/03/2021,M,Outbred,NA,NA,1095,36.2,3,11/08/2016,1664,3,8,1,5,1.3,02/03/2021,11,0
KSM008,673,Kapantsi,NA,02/03/2021,M,Outbred,NA,NA,1095,36.2,3,11/08/2016,1664,3,8,1,5,1.3,02/03/2021,9,0
BIM002,665,Bishop,NA,11/02/2021,M,Inbred,NA,NA,1114,36.8,3,13/02/2018,1094,2,2,1,3,0.8,12/02/2021,10,1
KBM002,557,Kori,08/03/2023,14/02/2020,M,Outbred,Death,Artificial,1118,37,4,03/03/2017,1078,1,9,1,2,0.5,16/02/2020,11,2
PIM006,663,Pigeon,NA,27/01/2021,M,Inbred,NA,NA,1129,37.3,4,26/03/2016,1768,3,11,1,5,1.3,28/01/2021,7,1
TEM007,659,Tit-Babbler,NA,25/01/2021,M,Inbred,NA,NA,1131,37.4,2,15/11/2015,1898,3,15,1,5,1.3,26/01/2021,10,1
TEM008,659,Tit-Babbler,NA,25/01/2021,M,Inbred,NA,NA,1131,37.4,2,15/11/2015,1898,3,15,1,5,1.3,26/01/2021,9,1
TNM012,648,Tinktinkie,22/01/2024,13/12/2020,M,Inbred,Death,Artificial,1135,37.5,4,05/10/2017,1165,3,14,1,4,1,15/12/2020,8,2
TNF011,648,Tinktinkie,22/01/2024,13/12/2020,F,Inbred,Death,Artificial,1135,37.5,4,05/10/2017,1165,3,14,1,4,1,15/12/2020,7,2
TLF010,654,Tarentaal,NA,06/01/2021,F,Inbred,NA,NA,1150,38,5,27/01/2016,1806,3,13,1,4,1,07/01/2021,8,1
TLF012,654,Tarentaal,NA,06/01/2021,F,Inbred,NA,NA,1150,38,5,27/01/2016,1806,3,13,1,4,1,07/01/2021,9,1
TLF013,654,Tarentaal,NA,06/01/2021,F,Inbred,NA,NA,1150,38,5,27/01/2016,1806,3,13,1,4,1,07/01/2021,9,1
TLM009,654,Tarentaal,NA,06/01/2021,M,Inbred,NA,NA,1150,38,5,27/01/2016,1806,3,13,1,4,1,07/01/2021,8,1
BAF005,615,Bateleur,NA,09/09/2020,F,Inbred,NA,NA,1169,38.6,2,28/04/2017,1230,2,1,1,3,0.8,11/09/2020,11,2
VLF005,630,Vulture,NA,08/11/2020,F,Outbred,NA,NA,1209,40,2,16/09/2016,1514,2,16,1,5,1.3,09/11/2020,10,1
BIF001,629,Bishop,NA,29/10/2020,F,Inbred,NA,NA,1219,40.3,1,13/02/2018,989,1,2,1,2,0.5,30/10/2020,11,1
HCF001,628,Hammercobb,NA,26/10/2020,F,Outbred,NA,NA,1222,40.4,3,09/01/2018,1021,1,5,1,2,0.5,28/10/2020,10,2
HCM002,628,Hammercobb,NA,26/10/2020,M,Outbred,NA,NA,1222,40.4,3,09/01/2018,1021,1,5,1,2,0.5,28/10/2020,12,2
HCM003,628,Hammercobb,NA,26/10/2020,M,Outbred,NA,NA,1222,40.4,3,09/01/2018,1021,1,5,1,2,0.5,28/10/2020,11,2
PIF004,623,Pigeon,NA,13/10/2020,F,Inbred,NA,NA,1235,40.8,2,26/03/2016,1662,2,11,1,4,1,13/10/2020,8,0
PIM003,623,Pigeon,NA,13/10/2020,M,Inbred,NA,NA,1235,40.8,2,26/03/2016,1662,2,11,1,4,1,13/10/2020,10,0
TEM004,618,Tit-Babbler,NA,04/10/2020,M,Inbred,NA,NA,1244,41.1,3,15/11/2015,1785,2,15,1,4,1,05/10/2020,8,1
TNM009,599,Tinktinkie,22/01/2024,04/08/2020,M,Inbred,Death,Artificial,1266,41.9,3,05/10/2017,1034,2,14,1,3,0.8,05/08/2020,9,1
SNF003,603,Sneeubal,NA,14/08/2020,F,Inbred,NA,NA,1295,42.8,3,15/11/2015,1734,1,12,1,2,0.5,17/08/2020,9,3
SNM001,603,Sneeubal,NA,14/08/2020,M,Inbred,NA,NA,1295,42.8,3,15/11/2015,1734,1,12,1,2,0.5,17/08/2020,10,3
SNM002,603,Sneeubal,NA,14/08/2020,M,Inbred,NA,NA,1295,42.8,3,15/11/2015,1734,1,12,1,2,0.5,17/08/2020,10,3
BAM001,573,Bateleur,NA,30/03/2020,M,Inbred,Death,Artificial,1332,44,3,28/04/2017,1067,1,1,1,2,0.5,31/03/2020,13,1
PIF001,593,Pigeon,NA,28/06/2020,F,Inbred,NA,NA,1342,44.4,2,26/03/2016,1555,1,11,1,2,0.5,29/06/2020,10,1
VLM001,585,Vulture,NA,18/05/2020,M,Outbred,NA,NA,1383,45.7,3,16/09/2016,1340,1,16,1,2,0.5,19/05/2020,10,1
VLM002,585,Vulture,NA,18/05/2020,M,Outbred,NA,NA,1383,45.7,3,16/09/2016,1340,1,16,1,2,0.5,19/05/2020,11,1
VLM003,585,Vulture,NA,18/05/2020,M,Outbred,NA,NA,1383,45.7,3,16/09/2016,1340,1,16,1,2,0.5,19/05/2020,13,1
TLF005,574,Tarentaal,NA,30/03/2020,F,Inbred,NA,NA,1432,47.3,5,27/01/2016,1524,2,13,1,2,0.5,31/03/2020,8,1
TLF007,574,Tarentaal,NA,30/03/2020,F,Inbred,NA,NA,1432,47.3,5,27/01/2016,1524,2,13,1,2,0.5,31/03/2020,9,1
TNF003,560,Tinktinkie,22/01/2024,17/02/2020,F,Inbred,Death,Artificial,1435,47.4,6,05/10/2017,865,1,14,1,2,0.5,22/02/2020,11,5
GEF001,563,Geelvink,NA,23/02/2020,F,Outbred,NA,NA,1468,48.5,3,14/06/2014,2080,1,4,1,2,0.5,25/02/2020,12,2
GEM003,563,Geelvink,NA,23/02/2020,M,Outbred,NA,NA,1468,48.5,3,14/06/2014,2080,1,4,1,2,0.5,25/02/2020,10,2
